<annotation>
	<folder>train</folder>
	<filename>20191118_142334.jpg</filename>
	<path>C:\Users\aliif\OneDrive\Desktop\images\train\20191118_142334.jpg</path>
	<source>
		<database>Unknown</database>
	</source>
	<size>
		<width>800</width>
		<height>600</height>
		<depth>3</depth>
	</size>
	<segmented>0</segmented>
	<object>
		<name>Mosque</name>
		<pose>Unspecified</pose>
		<truncated>0</truncated>
		<difficult>0</difficult>
		<bndbox>
			<xmin>212</xmin>
			<ymin>243</ymin>
			<xmax>669</xmax>
			<ymax>416</ymax>
		</bndbox>
	</object>
</annotation>
