<annotation>
	<folder>train</folder>
	<filename>20191118_130540.jpg</filename>
	<path>C:\Users\aliif\OneDrive\Desktop\images\train\20191118_130540.jpg</path>
	<source>
		<database>Unknown</database>
	</source>
	<size>
		<width>800</width>
		<height>600</height>
		<depth>3</depth>
	</size>
	<segmented>0</segmented>
	<object>
		<name>Elahi Building</name>
		<pose>Unspecified</pose>
		<truncated>1</truncated>
		<difficult>0</difficult>
		<bndbox>
			<xmin>1</xmin>
			<ymin>79</ymin>
			<xmax>800</xmax>
			<ymax>427</ymax>
		</bndbox>
	</object>
</annotation>
