<annotation>
	<folder>train</folder>
	<filename>20191118_130554.jpg</filename>
	<path>C:\Users\aliif\OneDrive\Desktop\images\train\20191118_130554.jpg</path>
	<source>
		<database>Unknown</database>
	</source>
	<size>
		<width>800</width>
		<height>600</height>
		<depth>3</depth>
	</size>
	<segmented>0</segmented>
	<object>
		<name>Mosque</name>
		<pose>Unspecified</pose>
		<truncated>1</truncated>
		<difficult>0</difficult>
		<bndbox>
			<xmin>1</xmin>
			<ymin>220</ymin>
			<xmax>19</xmax>
			<ymax>276</ymax>
		</bndbox>
	</object>
	<object>
		<name>Elahi Building</name>
		<pose>Unspecified</pose>
		<truncated>0</truncated>
		<difficult>0</difficult>
		<bndbox>
			<xmin>96</xmin>
			<ymin>253</ymin>
			<xmax>326</xmax>
			<ymax>347</ymax>
		</bndbox>
	</object>
	<object>
		<name>Hope Tower</name>
		<pose>Unspecified</pose>
		<truncated>0</truncated>
		<difficult>0</difficult>
		<bndbox>
			<xmin>358</xmin>
			<ymin>249</ymin>
			<xmax>477</xmax>
			<ymax>310</ymax>
		</bndbox>
	</object>
	<object>
		<name>N Block</name>
		<pose>Unspecified</pose>
		<truncated>0</truncated>
		<difficult>0</difficult>
		<bndbox>
			<xmin>600</xmin>
			<ymin>288</ymin>
			<xmax>747</xmax>
			<ymax>341</ymax>
		</bndbox>
	</object>
</annotation>
