<annotation>
	<folder>train</folder>
	<filename>20191118_130553.jpg</filename>
	<path>C:\Users\aliif\OneDrive\Desktop\images\train\20191118_130553.jpg</path>
	<source>
		<database>Unknown</database>
	</source>
	<size>
		<width>800</width>
		<height>600</height>
		<depth>3</depth>
	</size>
	<segmented>0</segmented>
	<object>
		<name>Mosque</name>
		<pose>Unspecified</pose>
		<truncated>0</truncated>
		<difficult>0</difficult>
		<bndbox>
			<xmin>94</xmin>
			<ymin>233</ymin>
			<xmax>107</xmax>
			<ymax>279</ymax>
		</bndbox>
	</object>
	<object>
		<name>Elahi Building</name>
		<pose>Unspecified</pose>
		<truncated>0</truncated>
		<difficult>0</difficult>
		<bndbox>
			<xmin>185</xmin>
			<ymin>256</ymin>
			<xmax>399</xmax>
			<ymax>346</ymax>
		</bndbox>
	</object>
	<object>
		<name>Hope Tower</name>
		<pose>Unspecified</pose>
		<truncated>0</truncated>
		<difficult>0</difficult>
		<bndbox>
			<xmin>426</xmin>
			<ymin>247</ymin>
			<xmax>552</xmax>
			<ymax>303</ymax>
		</bndbox>
	</object>
	<object>
		<name>N Block</name>
		<pose>Unspecified</pose>
		<truncated>1</truncated>
		<difficult>0</difficult>
		<bndbox>
			<xmin>678</xmin>
			<ymin>275</ymin>
			<xmax>800</xmax>
			<ymax>341</ymax>
		</bndbox>
	</object>
</annotation>
