<annotation>
	<folder>train</folder>
	<filename>20191118_130558(0).jpg</filename>
	<path>C:\Users\aliif\OneDrive\Desktop\images\train\20191118_130558(0).jpg</path>
	<source>
		<database>Unknown</database>
	</source>
	<size>
		<width>800</width>
		<height>600</height>
		<depth>3</depth>
	</size>
	<segmented>0</segmented>
	<object>
		<name>Elahi Building</name>
		<pose>Unspecified</pose>
		<truncated>1</truncated>
		<difficult>0</difficult>
		<bndbox>
			<xmin>1</xmin>
			<ymin>240</ymin>
			<xmax>169</xmax>
			<ymax>354</ymax>
		</bndbox>
	</object>
	<object>
		<name>Hope Tower</name>
		<pose>Unspecified</pose>
		<truncated>0</truncated>
		<difficult>0</difficult>
		<bndbox>
			<xmin>200</xmin>
			<ymin>242</ymin>
			<xmax>331</xmax>
			<ymax>308</ymax>
		</bndbox>
	</object>
	<object>
		<name>N Block</name>
		<pose>Unspecified</pose>
		<truncated>0</truncated>
		<difficult>0</difficult>
		<bndbox>
			<xmin>442</xmin>
			<ymin>281</ymin>
			<xmax>572</xmax>
			<ymax>339</ymax>
		</bndbox>
	</object>
</annotation>
