<annotation>
	<folder>train</folder>
	<filename>20191118_133357.jpg</filename>
	<path>C:\Users\aliif\OneDrive\Desktop\images\train\20191118_133357.jpg</path>
	<source>
		<database>Unknown</database>
	</source>
	<size>
		<width>800</width>
		<height>600</height>
		<depth>3</depth>
	</size>
	<segmented>0</segmented>
	<object>
		<name>Elahi Building</name>
		<pose>Unspecified</pose>
		<truncated>1</truncated>
		<difficult>0</difficult>
		<bndbox>
			<xmin>1</xmin>
			<ymin>214</ymin>
			<xmax>192</xmax>
			<ymax>332</ymax>
		</bndbox>
	</object>
	<object>
		<name>Hope Tower</name>
		<pose>Unspecified</pose>
		<truncated>0</truncated>
		<difficult>0</difficult>
		<bndbox>
			<xmin>220</xmin>
			<ymin>230</ymin>
			<xmax>343</xmax>
			<ymax>299</ymax>
		</bndbox>
	</object>
	<object>
		<name>N Block</name>
		<pose>Unspecified</pose>
		<truncated>0</truncated>
		<difficult>0</difficult>
		<bndbox>
			<xmin>457</xmin>
			<ymin>279</ymin>
			<xmax>588</xmax>
			<ymax>334</ymax>
		</bndbox>
	</object>
</annotation>
