<annotation>
	<folder>train</folder>
	<filename>20191118_130556.jpg</filename>
	<path>C:\Users\aliif\OneDrive\Desktop\images\train\20191118_130556.jpg</path>
	<source>
		<database>Unknown</database>
	</source>
	<size>
		<width>800</width>
		<height>600</height>
		<depth>3</depth>
	</size>
	<segmented>0</segmented>
	<object>
		<name>Elahi Building</name>
		<pose>Unspecified</pose>
		<truncated>0</truncated>
		<difficult>0</difficult>
		<bndbox>
			<xmin>2</xmin>
			<ymin>236</ymin>
			<xmax>242</xmax>
			<ymax>352</ymax>
		</bndbox>
	</object>
	<object>
		<name>Hope Tower</name>
		<pose>Unspecified</pose>
		<truncated>0</truncated>
		<difficult>0</difficult>
		<bndbox>
			<xmin>262</xmin>
			<ymin>248</ymin>
			<xmax>397</xmax>
			<ymax>308</ymax>
		</bndbox>
	</object>
	<object>
		<name>N Block</name>
		<pose>Unspecified</pose>
		<truncated>0</truncated>
		<difficult>0</difficult>
		<bndbox>
			<xmin>509</xmin>
			<ymin>289</ymin>
			<xmax>641</xmax>
			<ymax>346</ymax>
		</bndbox>
	</object>
</annotation>
