<annotation>
	<folder>train</folder>
	<filename>20191118_133359.jpg</filename>
	<path>C:\Users\aliif\OneDrive\Desktop\images\train\20191118_133359.jpg</path>
	<source>
		<database>Unknown</database>
	</source>
	<size>
		<width>800</width>
		<height>600</height>
		<depth>3</depth>
	</size>
	<segmented>0</segmented>
	<object>
		<name>Elahi Building</name>
		<pose>Unspecified</pose>
		<truncated>0</truncated>
		<difficult>0</difficult>
		<bndbox>
			<xmin>2</xmin>
			<ymin>204</ymin>
			<xmax>232</xmax>
			<ymax>341</ymax>
		</bndbox>
	</object>
	<object>
		<name>Hope Tower</name>
		<pose>Unspecified</pose>
		<truncated>0</truncated>
		<difficult>0</difficult>
		<bndbox>
			<xmin>261</xmin>
			<ymin>228</ymin>
			<xmax>382</xmax>
			<ymax>291</ymax>
		</bndbox>
	</object>
	<object>
		<name>N Block</name>
		<pose>Unspecified</pose>
		<truncated>0</truncated>
		<difficult>0</difficult>
		<bndbox>
			<xmin>486</xmin>
			<ymin>268</ymin>
			<xmax>633</xmax>
			<ymax>329</ymax>
		</bndbox>
	</object>
</annotation>
