<annotation>
	<folder>train</folder>
	<filename>20191118_130511.jpg</filename>
	<path>C:\Users\aliif\OneDrive\Desktop\images\train\20191118_130511.jpg</path>
	<source>
		<database>Unknown</database>
	</source>
	<size>
		<width>800</width>
		<height>600</height>
		<depth>3</depth>
	</size>
	<segmented>0</segmented>
	<object>
		<name>Elahi Building</name>
		<pose>Unspecified</pose>
		<truncated>0</truncated>
		<difficult>0</difficult>
		<bndbox>
			<xmin>184</xmin>
			<ymin>287</ymin>
			<xmax>407</xmax>
			<ymax>380</ymax>
		</bndbox>
	</object>
	<object>
		<name>Hope Tower</name>
		<pose>Unspecified</pose>
		<truncated>0</truncated>
		<difficult>0</difficult>
		<bndbox>
			<xmin>434</xmin>
			<ymin>275</ymin>
			<xmax>561</xmax>
			<ymax>377</ymax>
		</bndbox>
	</object>
</annotation>
