<annotation>
	<folder>train</folder>
	<filename>20191118_133358.jpg</filename>
	<path>C:\Users\aliif\OneDrive\Desktop\images\train\20191118_133358.jpg</path>
	<source>
		<database>Unknown</database>
	</source>
	<size>
		<width>800</width>
		<height>600</height>
		<depth>3</depth>
	</size>
	<segmented>0</segmented>
	<object>
		<name>Hope Tower</name>
		<pose>Unspecified</pose>
		<truncated>0</truncated>
		<difficult>0</difficult>
		<bndbox>
			<xmin>137</xmin>
			<ymin>228</ymin>
			<xmax>283</xmax>
			<ymax>292</ymax>
		</bndbox>
	</object>
	<object>
		<name>N Block</name>
		<pose>Unspecified</pose>
		<truncated>0</truncated>
		<difficult>0</difficult>
		<bndbox>
			<xmin>397</xmin>
			<ymin>277</ymin>
			<xmax>517</xmax>
			<ymax>332</ymax>
		</bndbox>
	</object>
</annotation>
