<annotation>
	<folder>train</folder>
	<filename>20191118_150713.jpg</filename>
	<path>C:\Users\aliif\OneDrive\Desktop\images\train\20191118_150713.jpg</path>
	<source>
		<database>Unknown</database>
	</source>
	<size>
		<width>800</width>
		<height>600</height>
		<depth>3</depth>
	</size>
	<segmented>0</segmented>
	<object>
		<name>Mohammadi Masjid</name>
		<pose>Unspecified</pose>
		<truncated>0</truncated>
		<difficult>0</difficult>
		<bndbox>
			<xmin>182</xmin>
			<ymin>172</ymin>
			<xmax>262</xmax>
			<ymax>308</ymax>
		</bndbox>
	</object>
</annotation>
