<annotation>
	<folder>train</folder>
	<filename>20191118_133355.jpg</filename>
	<path>C:\Users\aliif\OneDrive\Desktop\images\train\20191118_133355.jpg</path>
	<source>
		<database>Unknown</database>
	</source>
	<size>
		<width>800</width>
		<height>600</height>
		<depth>3</depth>
	</size>
	<segmented>0</segmented>
	<object>
		<name>Mosque</name>
		<pose>Unspecified</pose>
		<truncated>0</truncated>
		<difficult>0</difficult>
		<bndbox>
			<xmin>117</xmin>
			<ymin>202</ymin>
			<xmax>134</xmax>
			<ymax>251</ymax>
		</bndbox>
	</object>
	<object>
		<name>Elahi Building</name>
		<pose>Unspecified</pose>
		<truncated>0</truncated>
		<difficult>0</difficult>
		<bndbox>
			<xmin>211</xmin>
			<ymin>229</ymin>
			<xmax>419</xmax>
			<ymax>313</ymax>
		</bndbox>
	</object>
	<object>
		<name>Hope Tower</name>
		<pose>Unspecified</pose>
		<truncated>0</truncated>
		<difficult>0</difficult>
		<bndbox>
			<xmin>447</xmin>
			<ymin>225</ymin>
			<xmax>583</xmax>
			<ymax>284</ymax>
		</bndbox>
	</object>
	<object>
		<name>N Block</name>
		<pose>Unspecified</pose>
		<truncated>1</truncated>
		<difficult>0</difficult>
		<bndbox>
			<xmin>699</xmin>
			<ymin>253</ymin>
			<xmax>800</xmax>
			<ymax>314</ymax>
		</bndbox>
	</object>
</annotation>
