<annotation>
	<folder>train</folder>
	<filename>20191118_130558.jpg</filename>
	<path>C:\Users\aliif\OneDrive\Desktop\images\train\20191118_130558.jpg</path>
	<source>
		<database>Unknown</database>
	</source>
	<size>
		<width>800</width>
		<height>600</height>
		<depth>3</depth>
	</size>
	<segmented>0</segmented>
	<object>
		<name>Elahi Building</name>
		<pose>Unspecified</pose>
		<truncated>0</truncated>
		<difficult>0</difficult>
		<bndbox>
			<xmin>2</xmin>
			<ymin>239</ymin>
			<xmax>172</xmax>
			<ymax>344</ymax>
		</bndbox>
	</object>
	<object>
		<name>Hope Tower</name>
		<pose>Unspecified</pose>
		<truncated>0</truncated>
		<difficult>0</difficult>
		<bndbox>
			<xmin>201</xmin>
			<ymin>247</ymin>
			<xmax>330</xmax>
			<ymax>313</ymax>
		</bndbox>
	</object>
	<object>
		<name>N Block</name>
		<pose>Unspecified</pose>
		<truncated>0</truncated>
		<difficult>0</difficult>
		<bndbox>
			<xmin>443</xmin>
			<ymin>285</ymin>
			<xmax>571</xmax>
			<ymax>341</ymax>
		</bndbox>
	</object>
</annotation>
