<annotation>
	<folder>train</folder>
	<filename>20191118_130551.jpg</filename>
	<path>C:\Users\aliif\OneDrive\Desktop\images\train\20191118_130551.jpg</path>
	<source>
		<database>Unknown</database>
	</source>
	<size>
		<width>800</width>
		<height>600</height>
		<depth>3</depth>
	</size>
	<segmented>0</segmented>
	<object>
		<name>Mosque</name>
		<pose>Unspecified</pose>
		<truncated>0</truncated>
		<difficult>0</difficult>
		<bndbox>
			<xmin>165</xmin>
			<ymin>228</ymin>
			<xmax>184</xmax>
			<ymax>276</ymax>
		</bndbox>
	</object>
	<object>
		<name>Elahi Building</name>
		<pose>Unspecified</pose>
		<truncated>0</truncated>
		<difficult>0</difficult>
		<bndbox>
			<xmin>250</xmin>
			<ymin>257</ymin>
			<xmax>458</xmax>
			<ymax>338</ymax>
		</bndbox>
	</object>
	<object>
		<name>Hope Tower</name>
		<pose>Unspecified</pose>
		<truncated>0</truncated>
		<difficult>0</difficult>
		<bndbox>
			<xmin>486</xmin>
			<ymin>238</ymin>
			<xmax>611</xmax>
			<ymax>300</ymax>
		</bndbox>
	</object>
</annotation>
