<annotation>
	<folder>train</folder>
	<filename>20191118_133356.jpg</filename>
	<path>C:\Users\aliif\OneDrive\Desktop\images\train\20191118_133356.jpg</path>
	<source>
		<database>Unknown</database>
	</source>
	<size>
		<width>800</width>
		<height>600</height>
		<depth>3</depth>
	</size>
	<segmented>0</segmented>
	<object>
		<name>Elahi Building</name>
		<pose>Unspecified</pose>
		<truncated>0</truncated>
		<difficult>0</difficult>
		<bndbox>
			<xmin>62</xmin>
			<ymin>225</ymin>
			<xmax>300</xmax>
			<ymax>320</ymax>
		</bndbox>
	</object>
	<object>
		<name>Hope Tower</name>
		<pose>Unspecified</pose>
		<truncated>0</truncated>
		<difficult>0</difficult>
		<bndbox>
			<xmin>329</xmin>
			<ymin>225</ymin>
			<xmax>452</xmax>
			<ymax>286</ymax>
		</bndbox>
	</object>
	<object>
		<name>N Block</name>
		<pose>Unspecified</pose>
		<truncated>0</truncated>
		<difficult>0</difficult>
		<bndbox>
			<xmin>566</xmin>
			<ymin>268</ymin>
			<xmax>716</xmax>
			<ymax>328</ymax>
		</bndbox>
	</object>
</annotation>
